id,total_sales
row_00009,2844.315345466533
row_00015,4688.177480613387
row_00019,3040.016866798902
row_00020,3267.1861670641356
row_00023,2554.6573027669224
row_00026,453.22582043904004
row_00027,4064.341791079638
row_00033,3267.6589501353274
row_00034,340.69432392162366
row_00037,2143.3577973345323
row_00041,2307.211967838982
row_00042,1507.6197837582727
row_00045,1252.3180893989452
row_00049,2070.011023406143
row_00056,3044.7896331547377
row_00057,2205.8087360598183
row_00060,816.6774241712376
row_00079,3003.7351741070174
row_00082,3777.5796581269046
row_00085,2548.77407592564
row_00091,1042.404146429182
row_00104,2356.3834921099124
row_00105,1072.0980594865157
row_00109,1644.9217682156802
row_00115,670.7615154445048
row_00117,404.4583655816298
row_00119,3222.848088514269
row_00120,2093.0664044492305
row_00123,987.2396189862147
row_00125,1912.601949643704
row_00130,500.25633376921996
row_00132,1907.4653711399094
row_00134,1838.8748793505556
row_00139,3939.48134053677
row_00141,4567.066468490437
row_00144,2522.7725449737336
row_00162,2310.083364677536
row_00189,595.4751915318182
row_00192,3150.5806544545358
row_00202,3409.615757455038
row_00203,2883.129901723157
row_00208,1409.7749834120268
row_00210,3038.7387938292054
row_00220,2137.990770367843
row_00235,2026.452717562396
row_00236,1677.6485036661627
row_00247,92.14601892266865
row_00249,660.4466229334885
row_00252,4278.802874687872
row_00254,2347.8401690335927
row_00256,4174.022688336427
row_00260,2950.27542538137
row_00265,697.9631541037181
row_00266,1719.7082812444032
row_00269,2943.79762681541
row_00283,1410.6605554132975
row_00288,937.6113063398063
row_00293,1653.6693520599429
row_00296,267.1651977350141
row_00298,327.7837350351149
row_00301,1359.4133609789403
row_00305,2973.2531054753895
row_00322,322.28772451677537
row_00323,2442.949717850328
row_00325,2491.5443922476657
row_00327,3757.4480770168193
row_00336,2178.880216334894
row_00337,4462.883240488343
row_00341,2179.039033416974
row_00345,3231.3483808568653
row_00353,1641.6955281879068
row_00354,1987.8102825389278
row_00363,2387.5729302552472
row_00368,5823.91406088902
row_00370,4048.6004925887128
row_00373,1941.2247053633523
row_00374,1636.6207997219853
row_00375,1473.1217200542367
row_00377,3209.3715363087676
row_00385,861.3851329414824
row_00389,2602.4559980854774
row_00391,764.8062936501237
row_00404,12.926808627931678
row_00405,2541.0091331077724
row_00407,4246.509485525161
row_00415,3306.5950633330594
row_00416,2499.880246489414
row_00423,453.99278299376033
row_00430,2505.6994897134373
row_00431,1877.3202817260599
row_00435,1576.9662811315375
row_00437,2196.8574824938064
row_00438,437.693710868562
row_00439,3765.6579700034017
row_00441,2662.0109551036057
row_00447,0.8057987827860416
row_00448,1948.2517256795657
row_00449,653.0905985757313
row_00460,21.636581479080633
row_00465,1784.1118938350971
row_00472,1416.1177680257692
row_00476,501.18518983439844
row_00478,3719.362266122561
row_00480,267.2122705509023
row_00485,3800.7677042421715
row_00488,740.0985191091393
row_00498,3378.4687411247423
row_00499,2903.0231371169752
row_00500,4460.16081078454
row_00504,2060.5516660106973
row_00508,1850.4959209386147
row_00518,248.47799880036087
row_00519,1172.4610935519145
row_00520,1587.3401274061962
row_00525,1648.216912882278
row_00526,2463.7569742445985
row_00530,2547.6788416144796
row_00531,3826.878781631115
row_00534,1881.1627682660135
row_00538,1096.5679800223343
row_00543,203.6495139565509
row_00551,485.434939788438
row_00555,858.3517646241364
row_00559,2503.0111775025375
row_00561,3176.6252252677295
row_00569,3226.1813967875732
row_00572,238.8718030717621
row_00577,3261.6118038912136
row_00580,3852.062827297978
row_00584,4835.05355149655
row_00585,3449.5496657184485
row_00591,1992.6932294592712
row_00601,4481.15865224343
row_00603,2608.23287702257
row_00613,3202.438120933816
row_00618,1440.3377846271644
row_00620,3568.3567491832537
row_00622,2002.2566312069039
row_00623,1255.1128853220087
row_00632,1386.1264466292496
row_00635,1386.4288636649123
row_00637,704.5709320938136
row_00638,649.3070458328302
row_00640,3135.007916955179
row_00641,191.74999295135171
row_00646,3802.7440378376887
row_00649,2206.636899032455
row_00656,2039.7968636306268
row_00659,658.6980960798751
row_00661,4923.97015904193
row_00662,1787.3173050767678
row_00663,1997.6659652161095
row_00667,2318.945650554777
row_00670,435.5025668508499
row_00673,1393.715042663467
row_00674,4484.759492355141
row_00681,2609.025268337451
row_00683,1665.5386116405148
row_00684,3867.3331820000594
row_00689,2541.467914981584
row_00690,255.83929088458945
row_00698,1464.190014328523
row_00700,2028.1197099027033
row_00702,3165.4287736255706
row_00704,3164.2242421011956
row_00705,296.63098810747783
row_00710,1770.551885471498
row_00711,630.4388251985933
row_00714,2974.0949769130634
row_00716,649.6352649534238
row_00720,3307.589801476177
row_00721,2323.889362344968
row_00723,588.7235024385554
row_00730,1861.4390882226453
row_00732,1564.5780752605185
row_00733,5928.956621653366
row_00741,4217.580022263152
row_00753,3801.290558129382
row_00755,135.6175194774239
row_00760,3192.4641284170634
row_00764,1633.5616403896447
row_00770,1452.4266947112176
row_00771,5460.248270789971
row_00774,3303.692279285643
row_00783,381.87134807111397
row_00796,126.80742111986729
row_00804,2179.232241879756
row_00808,3857.0976359710276
row_00812,702.9888115716849
row_00814,1840.2647320558403
row_00815,1378.3131073288662
row_00819,3172.4185593957527
row_00825,1367.352197802213
row_00826,2263.6769385237385
row_00832,179.98829520230834
row_00835,3147.053370140142
row_00840,728.5615980152061
row_00844,4452.86776689326
row_00845,790.1016008051577
row_00851,939.9087960809552
row_00856,1306.7475170429468
row_00868,477.61811468234714
row_00874,1859.5814271790412
row_00875,1308.7192552552415
row_00880,1620.7087970692037
row_00882,733.4644378706068
row_00884,802.1960928880237
row_00891,4375.255484817161
row_00899,2104.9382178996657
row_00905,1591.6633826078573
row_00906,3093.179786879831
row_00914,2360.2188336312047
row_00924,1080.3486477688755
row_00946,3408.6853074640476
row_00947,1733.53874451167
row_00948,1475.5651781865402
row_00963,2343.181821126535
row_00977,3365.8329345525353
row_00980,2852.895469103115
row_00981,248.42804895284667
row_00984,5380.915833665629
row_00996,1949.5172726435853
row_00997,517.2094823027348
row_00998,2238.8510880582116
row_00999,2372.59746784946
row_01001,1753.5958653880043
row_01017,1102.6147548462798
row_01025,4338.610478906614
row_01026,1493.7346577774101
row_01031,376.74841145697746
row_01032,1315.992950896351
row_01034,4128.057412991673
row_01043,4010.2203698369303
row_01044,2770.4755855330773
row_01046,823.1602037417019
row_01050,2675.9876998145114
row_01064,2637.9983054189906
row_01077,1831.0924858735716
row_01078,2829.6865748658256
row_01085,2571.003204039157
row_01090,1515.903370095388
row_01093,2394.154325721716
row_01104,649.5957929776346
row_01105,877.8794814503719
row_01107,4239.159369634392
row_01108,3640.354530723933
row_01111,1673.0723083537496
row_01115,3829.1804597797977
row_01119,3227.9000713552896
row_01123,2650.6885022966976
row_01124,2435.1875726806684
row_01126,1651.909789264303
row_01129,804.3245809851762
row_01145,2449.0324975954327
row_01146,1546.3213665232383
row_01148,1964.2004679560685
row_01162,1630.6283054502178
row_01165,1801.0403161772076
row_01178,1765.7212011875827
row_01183,275.5456074137951
row_01190,1947.9197870692026
row_01191,3089.3889935555926
row_01192,2439.451208446556
row_01197,1358.0407102735746
row_01202,3543.26884744938
row_01205,1381.569248071414
row_01207,3404.51794423551
row_01209,1083.3341172755552
row_01211,2085.065686309802
row_01212,2482.97859989319
row_01213,2024.795651996061
row_01215,1808.5240826944091
row_01237,1293.7497953232507
row_01246,1496.2165931690931
row_01254,1538.5453654900953
row_01263,542.3974543876345
row_01266,3026.2439355001757
row_01268,26.05771275467532
row_01277,3086.7467502148947
row_01293,2507.5790655633346
row_01294,2377.738485082116
row_01295,211.35120056116875
row_01300,6312.390623489856
row_01304,2883.009424724372
row_01311,2340.6221959947334
row_01314,1459.6443742861752
row_01315,341.70738104822453
row_01330,1464.5741928027828
row_01332,3116.155950562313
row_01334,3171.8168968269592
row_01345,938.3179055980045
row_01350,3105.210414640331
row_01355,2583.718196113723
row_01356,3400.0304902519947
row_01357,775.6060042826878
row_01362,1647.0819471911582
row_01368,5007.403949128797
row_01375,1746.9124468862426
row_01380,899.1408108956571
row_01390,366.5846980064084
row_01396,3858.40044132221
row_01397,2960.2221974795657
row_01404,3266.8206588230596
row_01407,2347.4835340518543
row_01412,2250.863972966559
row_01418,1415.5889474765459
row_01424,959.1303001203571
row_01433,3690.6990034236014
row_01436,2710.2872993858637
row_01443,366.3609441544918
row_01456,3239.9544394585523
row_01465,2229.8443489063247
row_01475,1695.605984816726
row_01478,2588.207161555191
row_01494,519.2588486626373
row_01497,524.2190532961131
row_01499,2081.8428717796646
row_01501,1037.0299653077186
row_01508,3731.2896135836754
row_01513,5964.570782215921
row_01532,3864.6718069991803
row_01534,2849.082860553861
row_01540,2393.062827707925
row_01552,3721.4171663064635
row_01553,1681.6745648136894
row_01563,274.5776541636735
row_01564,3736.263146130067
row_01565,2761.2099517803777
row_01567,488.2045906918263
row_01572,366.34824921209133
row_01573,3530.0004871134306
row_01576,1916.3461825031147
row_01577,908.2504287969923
row_01583,2383.0337786803316
row_01586,2209.2358156113683
row_01594,4326.7302213761195
row_01596,2789.6718546382435
row_01598,3636.2772686323824
row_01605,569.5155075948439
row_01616,3943.7515033590607
row_01621,3071.7328368745852
row_01624,3753.5809624968797
row_01625,1535.575611593383
row_01626,1501.0971310141476
row_01630,1369.828573004812
row_01639,479.31534668315226
row_01641,2101.146787670532
row_01643,2975.3789860759603
row_01648,1394.1911656281509
row_01654,94.19685630731101
row_01655,613.3058845263424
row_01656,4161.755288304999
row_01659,3099.1315999622243
row_01664,806.5944976859753
row_01666,717.3053598158967
row_01687,1790.759807542976
row_01689,1441.4076745083125
row_01693,962.4808830151389
row_01698,3252.4997943078433
row_01700,2082.690980142119
row_01701,2135.5359547002936
row_01702,621.574791553873
row_01714,5977.077889453065
row_01725,3844.106858761122
row_01743,2149.236609228678
row_01750,3999.0975463204545
row_01762,242.2722915646657
row_01770,2860.321173782299
row_01773,1348.188352243007
row_01782,1988.337349397893
row_01784,2655.3880294355654
row_01790,3406.594438664808
row_01792,3004.8980331464154
row_01801,3651.444481071423
row_01802,2687.9867662227734
row_01805,24.219231512568058
row_01808,608.9574888816728
row_01822,1864.6004812800963
row_01826,625.3802834635312
row_01829,3390.562400168051
row_01836,2963.692837607511
row_01839,565.5560481597413
row_01840,1810.9960389734774
row_01844,2090.4223534176845
row_01845,3891.7033494385105
row_01853,973.4630849119135
row_01862,1463.0106147033957
row_01872,649.1363238856729
row_01882,2400.8704600615347
row_01886,1421.7029695306232
row_01888,2194.98769326785
row_01895,2620.0989134997335
row_01911,1610.3415659549273
row_01915,2020.4149231862789
row_01926,3138.6645027605273
row_01932,4656.889389321754
row_01946,1636.6621263531808
row_01952,2374.256015590626
row_01961,2170.266788417372
row_01973,280.9561710742764
row_01982,2290.754036608523
row_01983,792.5947624438284
row_01991,2100.884244517134
row_01993,1916.5117214937286
row_01994,5117.785954739229
row_01995,2446.882486334439
row_01998,2613.013316020331
row_01999,316.96543800058384
row_02005,2721.529567294697
row_02011,2119.324893749008
row_02015,4096.154596763078
row_02016,1840.4957256094729
row_02018,3633.8465591580884
row_02055,2498.92867023683
row_02056,1422.938481580822
row_02059,412.00698803285286
row_02068,1771.625536342634
row_02069,2610.403447983935
row_02076,407.95648513236097
row_02079,536.6557518873155
row_02083,578.5349134203711
row_02086,3589.1144408517453
row_02095,234.41788810624462
row_02098,4782.781652857928
row_02100,5108.445940375646
row_02103,5157.275451701618
row_02106,3005.4968571980753
row_02107,3954.7837180401502
row_02112,4520.445311464828
row_02118,3407.9253405330874
row_02126,2945.378214439004
row_02127,2494.3507034562554
row_02130,2726.3206388702956
row_02133,2572.22925750777
row_02146,1059.1215010591752
row_02147,3285.398683714237
row_02152,4098.926812477712
row_02153,4028.4761234721136
row_02162,6143.870122814504
row_02164,4010.2172104744473
row_02170,2412.7444599129103
row_02193,304.7005680224672
row_02195,1697.1594151563866
row_02199,4443.4715797303825
row_02203,4850.919146305136
row_02210,467.33286931146813
row_02211,3555.5540090058585
row_02213,3077.9723953236753
row_02215,2626.59041768276
row_02218,4868.898107850522
row_02225,1692.4009791771798
row_02230,1515.407799110967
row_02235,574.2798085966656
row_02238,787.1313289383256
row_02239,2584.6984076681756
row_02240,300.54099845528526
row_02257,2493.021923015008
row_02259,2198.907520977688
row_02262,3195.2431666884117
row_02272,1420.9339151339063
row_02274,2845.512638878201
row_02279,1459.132339692556
row_02280,654.3228428346079
row_02283,1170.263805295718
row_02287,5396.679446284192
row_02294,3653.7411135866187
row_02303,3377.2765190703767
row_02310,159.3790987125335
row_02313,1342.0186885189623
row_02316,203.03252501035558
row_02319,2540.6062089144734
row_02322,1877.0475567742644
row_02323,261.7279077204996
row_02327,500.7421107648663
row_02332,1548.6451014972997
row_02333,630.2485796969261
row_02339,3005.8027137136955
row_02344,1912.1308749528607
row_02346,423.4354613030723
row_02351,2068.5763620383527
row_02356,2090.5423000445207
row_02357,2675.6782250385313
row_02361,1544.455636130968
row_02363,3743.527303123088
row_02364,3130.187834769978
row_02370,2658.3747505329457
row_02372,2664.1495230359865
row_02374,141.47225152954252
row_02383,820.311044823374
row_02385,270.48552232512407
row_02393,627.4329991691918
row_02403,1168.435680805244
row_02411,1872.9120833249779
row_02413,730.8614765615396
row_02416,1340.5278160086723
row_02417,2532.4145595990612
row_02418,2695.7361855735
row_02419,1542.3722335959596
row_02432,2371.2278600720274
row_02441,2514.280614560773
row_02442,2515.786806474028
row_02443,5823.7028009348105
row_02444,3973.514284133682
row_02445,3204.3114248012625
row_02448,359.74459381485667
row_02454,2324.9867513001045
row_02455,3452.554574029854
row_02462,538.4191968859591
row_02469,850.710236436405
row_02478,290.32861837231894
row_02482,4912.901961953705
row_02497,3326.85008107474
row_02500,577.4057994005336
row_02502,3248.6141292075554
row_02504,1575.310561411451
row_02508,1157.3625818502483
row_02512,4075.4066339720675
row_02514,3185.862245178878
row_02519,3366.52348653727
row_02520,3136.038506746091
row_02522,388.91743150955745
row_02523,170.3058930088023
row_02530,1802.240504726275
row_02531,259.0643787666654
row_02534,3545.808467293458
row_02536,4969.733203518652
row_02537,2793.276929653084
row_02547,3466.112918078714
row_02558,1698.1561516608344
row_02569,3709.94915453237
row_02577,2478.770077857686
row_02581,2061.8359626618376
row_02582,3076.0840110001536
row_02584,440.5116268093384
row_02606,431.1186797548487
row_02607,1442.958726852115
row_02612,1157.2311923698676
row_02613,2281.9414843471122
row_02621,604.8605375762224
row_02623,2351.191803413587
row_02627,2116.2732833085565
row_02628,3939.445274114908
row_02632,2102.6615275388754
row_02646,4099.532875688486
row_02648,1653.3278993447261
row_02650,2159.1301315826486
row_02656,460.55848799940804
row_02659,787.6254440354571
row_02669,1005.2965970896767
row_02670,151.94501456697526
row_02672,716.6202006452652
row_02674,4589.812607422653
row_02675,4060.54570951552
row_02691,1710.3138240370388
row_02700,402.46861735328866
row_02705,457.04658033979103
row_02709,3783.309470323016
row_02712,2861.0565124740624
row_02714,4771.982209502668
row_02716,2797.94029018056
row_02726,2318.375501180813
row_02738,396.25765401094463
row_02757,605.374339298106
row_02758,3822.6159297979534
row_02768,4219.262091404692
row_02772,631.6919309631503
row_02773,3151.7794187823424
row_02776,2835.2907032837275
row_02778,1332.0804615259635
row_02782,3524.350565630226
row_02786,2543.44892124661
row_02796,773.5539528719166
row_02797,3284.595924360564
row_02800,3960.533298604361
row_02801,2763.6568505005343
row_02807,3198.2496168888433
row_02816,5552.4991153620085
row_02824,4951.691408969135
row_02833,2127.0932082531576
row_02834,2025.9332381679185
row_02837,1682.9212312861084
row_02839,3758.2903590356973
row_02846,3691.1357103494956
row_02848,4372.651992999239
row_02849,2589.1105666535796
row_02852,1990.3236733417848
row_02854,476.0891911568049
row_02855,3810.1773489256975
row_02858,3647.533359988185
row_02863,4045.572103183647
row_02875,2087.3999629676287
row_02879,310.76285696356877
row_02883,1488.0599998792475
row_02884,2551.7057173810667
row_02885,340.814284990583
row_02886,1263.6186020957637
row_02890,5000.811594748139
row_02892,5302.985534335607
row_02901,1026.3379154697109
row_02903,2758.3226096016915
row_02906,3187.9819074274596
row_02908,1305.8353455201704
row_02909,3003.47794606032
row_02919,1296.4165865585715
row_02925,1682.0271255264356
row_02929,2305.236531700023
row_02934,5387.181148923455
row_02939,2914.4259044623914
row_02940,1213.049737313145
row_02943,2029.0350415659661
row_02951,1956.1064610872068
row_02953,1654.0891885869019
row_02957,2996.4650408800944
row_02962,541.8510179905795
row_02964,4324.858773847076
row_02965,2152.8372441183096
row_02968,1799.3785151864276
row_02977,367.51623297878245
row_02980,3107.674980640562
row_02997,3905.0724498876216
row_03001,1837.4756122418203
row_03003,2345.7643146092814
row_03004,2787.0824125566983
row_03006,1761.88831512247
row_03019,5149.246841272148
row_03025,5916.610313156591
row_03026,2811.2608037369205
row_03039,2104.432549916355
row_03046,1709.9285298457148
row_03057,1693.2367082921216
row_03059,1741.8110098493644
row_03074,1654.7974001896523
row_03082,3267.7478996503164
row_03091,2293.9206338988884
row_03092,1604.9905101496656
row_03100,699.9954307155506
row_03103,180.84745207187757
row_03104,3079.4268597839405
row_03113,2780.5601280756096
row_03125,2890.7775616101007
row_03126,1385.2897758749411
row_03131,1802.2751201100318
row_03132,5803.478613493397
row_03147,4233.681723038588
row_03159,2766.73240758398
row_03161,1174.996689674094
row_03165,3035.832905288918
row_03169,471.5646877939562
row_03175,1825.357684053526
row_03184,2632.1911102541703
row_03187,1845.8700594056359
row_03192,2434.1678480753
row_03196,1707.7336230190376
row_03202,2800.9725605185117
row_03207,4125.55909340393
row_03208,1339.5008209806379
row_03212,2927.7091903719975
row_03218,3116.943741195281
row_03223,1669.4698259583765
row_03226,1221.4395321862223
row_03229,1315.5486664655218
row_03230,3355.081913027584
row_03233,1620.718559558291
row_03236,467.3496969243272
row_03239,646.2900285599098
row_03246,3595.167753365611
row_03253,2646.0928209460167
row_03259,2526.6632148791973
row_03262,1840.1172770551577
row_03267,401.88516666396845
row_03273,463.97211827523324
row_03282,678.5410228324215
row_03283,287.42371219506754
row_03286,1751.0440886055057
row_03288,2814.657473603279
row_03290,3959.8606594432704
row_03292,2560.3750581724735
row_03295,305.8832457593619
row_03305,2884.6679154018666
row_03306,2390.8222057344833
row_03320,3751.56845875288
row_03324,261.0264794035936
row_03327,4203.194049433528
row_03329,514.6535813765347
row_03338,2646.3775134838083
row_03344,2682.4481114867535
row_03350,1415.045949977454
row_03351,4175.303297625658
row_03354,1965.600900831965
row_03362,3971.798942831027
row_03373,4680.360279837442
row_03374,1988.662647492637
row_03380,138.0639777013996
row_03382,1642.629870445749
row_03386,2141.97319731508
row_03388,1510.2366287334783
row_03394,1708.3797367010927
row_03399,4055.66068736096
row_03402,3280.2225222021752
row_03408,1539.0480781296214
row_03431,3074.1694021211815
row_03432,3234.2969500534855
row_03440,1473.5110691118025
row_03444,2617.9910497706755
row_03448,3387.3306364138243
row_03454,2474.570029578556
row_03458,3775.8651676799645
row_03459,592.7879426332231
row_03464,357.8200015136508
row_03475,2488.734372033331
row_03485,2732.872185042686
row_03489,420.725711321541
row_03490,3233.729330438785
row_03493,2606.08974876763
row_03495,1883.56475298053
row_03511,3678.7886034861704
row_03517,2289.5020278597754
row_03520,2742.4266656449363
row_03522,2298.6824484087915
row_03526,3055.4347323563074
row_03529,375.22146105046295
row_03532,2988.7048637817797
row_03537,3326.568196950971
row_03539,4498.683576548837
row_03540,1767.1285766865242
row_03547,3253.0198537270526
row_03550,3014.8169880109654
row_03551,504.58037511340945
row_03557,2369.3900432161313
row_03560,699.0128116869616
row_03561,3565.4741209403805
row_03562,3088.5797381570637
row_03566,4688.395493161859
row_03567,2807.1354437650184
row_03572,921.2806934317784
row_03583,392.833826782969
row_03584,4189.386378131285
row_03593,3424.9271898112866
row_03604,6121.083974348754
row_03620,3384.4115225360797
row_03631,2642.5265916558237
row_03643,1764.801570855984
row_03647,822.1242989226716
row_03648,741.6674778010997
row_03649,689.5839564406328
row_03658,335.1735807891446
row_03664,1973.1469091362144
row_03673,3774.225038160729
row_03676,1434.050630374696
row_03680,3229.5171468532067
row_03682,732.1798444547551
row_03687,645.2238795528106
row_03694,2243.7136275842076
row_03708,688.6160304516018
row_03714,3116.413894814975
row_03715,2297.450338227552
row_03718,1482.7155560050028
row_03719,1152.6910280851666
row_03720,2777.3880314382513
row_03723,369.9635946372514
row_03727,2275.53047375366
row_03732,2755.8711110569934
row_03734,2285.4935793463974
row_03736,577.2659854974781
row_03742,2659.760289734966
row_03744,882.3758507771772
row_03750,2001.4613210453965
row_03755,2468.336934626023
row_03759,1457.0277270288893
row_03768,2746.5755080059976
row_03773,595.0868255751429
row_03775,4025.5333935162134
row_03779,1618.1687777543082
row_03783,1638.1635413816907
row_03787,1273.9146466855595
row_03789,3268.982186108964
row_03804,1425.6010077801266
row_03811,2479.8261701385454
row_03824,2650.166605311255
row_03829,2114.0164047375606
row_03831,1858.1246175521726
row_03834,334.5406578845393
row_03836,1089.811457169993
row_03839,3930.0757393884815
row_03847,1742.548991295893
row_03849,2530.246182569829
row_03854,4054.052206137264
row_03858,1604.8524365171297
row_03859,4160.746030892751
row_03866,197.17044563010995
row_03867,2419.535314483819
row_03871,700.2554531092292
row_03876,403.88785200607435
row_03888,1774.3644708166353
row_03891,384.0147200106567
row_03903,1774.8801173291865
row_03917,1045.1271531956666
row_03920,2616.6771674441934
row_03925,1262.880865431136
row_03926,283.8539992874594
row_03931,1736.358179601099
row_03933,3401.5327599494926
row_03934,2633.4241494253215
row_03935,2200.473710871107
row_03938,5423.818802545211
row_03940,1197.8828041401805
row_03942,1869.7830877811195
row_03945,2649.2460034402015
row_03946,3228.1047254293467
row_03949,1080.4308667232037
row_03960,1811.8139989436288
row_03962,1126.245860879421
row_03965,374.872083001633
row_03972,2854.553651142305
row_03982,3553.5441998281067
row_03987,5566.1660149492955
row_03991,4421.31642472964
row_03992,1240.045667816636
row_03996,3527.0182250090647
row_03998,2709.615654562521
row_04009,2148.681085642235
row_04012,2471.4273493079704
row_04024,1482.2069720384088
row_04029,1406.7442294589318
row_04031,5770.697923546251
row_04033,424.24470539233926
row_04040,1670.8116205512827
row_04054,1836.9857191774804
row_04055,1800.3939189126702
row_04065,1459.4040397539352
row_04066,349.8523590227685
row_04077,5281.063859379245
row_04078,2043.753503527079
row_04081,23.58401741524176
row_04084,3015.8447473689025
row_04092,1511.576429359743
row_04094,3070.8101731311226
row_04101,1396.618601349877
row_04107,758.0574421974304
row_04112,2265.941231686843
row_04120,979.6282508217121
row_04122,3391.1351040364125
row_04127,2227.4127828084925
row_04137,1566.5230103824338
row_04138,461.875943433148
row_04139,1868.3198341163884
row_04145,3836.276037884432
row_04147,2512.3461274267192
row_04154,353.7292029324042
row_04158,3122.281652820623
row_04160,997.4584211113013
row_04165,3095.8011137317962
row_04166,1463.7170925964826
row_04175,5093.849822065871
row_04176,1415.2673068939157
row_04177,1820.9205300883114
row_04178,2792.120314537562
row_04179,665.6264313231322
row_04186,3772.7080464507717
row_04187,1872.6438756982102
row_04189,325.7711263958936
row_04193,3086.4292848489617
row_04200,546.2187590259773
row_04207,737.6735382747288
row_04226,1373.9886092197876
row_04228,3443.9927962517413
row_04229,2442.0441369855544
row_04233,2558.532249926409
row_04234,5618.968761540129
row_04242,3760.2602009104357
row_04245,921.1092868044811
row_04255,3137.872622124605
row_04259,1126.5077795310058
row_04261,3769.585145023424
row_04263,509.61775817775265
row_04268,5838.677419221139
row_04270,3514.440897768046
row_04272,2227.7741651154047
row_04273,1433.0465257085484
row_04278,3373.319438080707
row_04281,4082.173546119324
row_04285,2431.6749169077193
row_04293,1348.2519959998701
row_04301,387.6742944317739
row_04306,263.2628202956755
row_04315,1739.401290881418
row_04316,204.45060006548533
row_04319,6121.668257346913
row_04320,3845.0661137437774
row_04333,2607.0915596414507
row_04335,3021.084237755531
row_04349,1625.4907320700686
row_04358,1483.879997356315
row_04359,371.82134537365187
row_04360,2101.193722067499
row_04365,3333.2723543801653
row_04370,1366.8366807834923
row_04371,1715.617893110027
row_04372,2704.917674015237
row_04373,401.84749672316707
row_04374,1732.8105494296633
row_04385,1450.1050261006694
row_04386,2114.463822227296
row_04388,3664.828142367027
row_04395,2576.345764387358
row_04398,598.0622511751301
row_04400,3492.9403857087327
row_04413,2366.8757656234507
row_04416,2980.8141723517942
row_04419,823.5129823289235
row_04438,1456.194136000366
row_04441,1931.2718692478152
row_04454,1723.264134740295
row_04470,2337.316487910349
row_04471,3308.541893795438
row_04483,3257.9924816804087
row_04490,2131.549640779781
row_04498,2269.6064295785595
row_04522,1799.5259746735676
row_04529,2787.5879010622957
row_04537,1337.0611709160162
row_04538,351.57315304080953
row_04539,950.4276097143775
row_04540,2040.7305470147646
row_04541,3610.7252625533642
row_04542,290.0610939957785
row_04545,967.799167315527
row_04550,2224.632542228088
row_04556,307.1844731257147
row_04559,3787.532075316451
row_04562,4037.106397825354
row_04563,3559.189441085067
row_04573,3289.256159392894
row_04574,4400.4683007136855
row_04576,535.469582175507
row_04577,1945.048079512097
row_04591,1256.8681095426532
row_04592,6103.52183183712
row_04597,607.5320159440096
row_04598,476.59321643279463
row_04599,813.6663822435075
row_04602,2785.8438380665407
row_04606,2067.904312599126
row_04608,1753.5947002361522
row_04620,2017.7997031057864
row_04630,2916.296977966776
row_04631,3993.5476212294348
row_04634,5069.6553617670015
row_04636,247.0576128056232
row_04637,2620.221374998226
row_04638,2439.5132477983043
row_04651,3315.834851193609
row_04653,3508.6878013098267
row_04656,906.024292994018
row_04657,1943.8427840647962
row_04674,3174.9328446593045
row_04675,859.4116823919674
row_04686,3449.47155021453
row_04699,3688.4679244947592
row_04700,3247.8665290017225
row_04704,1772.6105021494898
row_04709,3465.2486412227327
row_04710,2763.2783582188786
row_04729,1466.9888906554565
row_04731,4596.220920196771
row_04733,432.20694957845353
row_04737,1568.809184681868
row_04741,1641.7570945925493
row_04744,3796.8677960284867
row_04745,1324.6306176029225
row_04749,849.8881434401128
row_04757,1164.6228869018569
row_04759,4201.511093367486
row_04769,3245.7915335118287
row_04772,1697.960556064772
row_04775,1593.3864258264107
row_04781,652.9473305893405
row_04783,402.0914476955054
row_04784,4278.278405185248
row_04785,697.5243096081274
row_04787,642.7422137556644
row_04796,2172.988924520208
row_04799,1822.5311688886045
row_04803,679.2061594084669
row_04814,915.1101365442846
row_04824,1897.0776087313711
row_04826,1868.9058204230087
row_04831,1955.637748777358
row_04841,3183.652958271379
row_04843,2177.9619401249024
row_04846,330.1211171689588
row_04852,1583.9127631798247
row_04855,1969.2891085345113
row_04859,607.9775973206686
row_04863,636.0179108866973
row_04881,1529.6342296844314
row_04886,1950.705559122978
row_04888,2033.783434536036
row_04889,4058.4962243274204
row_04902,448.4144705357726
row_04909,1626.4868415730612
row_04913,1783.8563099777698
row_04914,3303.5912649444745
row_04929,2947.350716838704
row_04936,1105.4045881730624
row_04937,2994.8873580945947
row_04938,1371.0811944448178
row_04945,2117.2155223850723
row_04955,2325.1411606211636
row_04965,2315.669221027653
row_04970,410.50419400748456
row_04974,980.6556264170865
row_04976,3168.9851376374777
row_04986,3039.8364897399597
row_04987,1576.7847325645175
row_04989,4119.9044311205635
row_04995,2581.4886299147356
row_05004,3997.5415632094237
row_05018,945.6188707742388
row_05021,942.750141066475
row_05023,1961.4214255532734
row_05025,1611.557458250054
row_05033,517.5197533994335
row_05034,4028.5036057369543
row_05035,1732.6938129934804
row_05036,1732.5761120034306
row_05045,1553.6212185858958
row_05047,2452.7230921661276
row_05051,429.4355657922463
row_05053,1708.342945239453
row_05054,316.62523701281043
row_05055,771.5260224460972
row_05063,1394.3805906817397
row_05103,2719.5643629567876
row_05107,227.17249438894055
row_05116,4549.8135162315775
row_05132,3088.7663061065423
row_05138,833.2081421355404
row_05140,2841.123508920818
row_05141,1384.9680109631277
row_05142,4177.346566919032
row_05146,1514.7123982222224
row_05147,3238.8026742649345
row_05160,3278.2055160473583
row_05162,1333.8362262311634
row_05180,1660.120629413274
row_05185,1627.2629639174388
row_05191,844.7031223733461
row_05199,752.4479008598639
row_05204,1794.1620027140516
row_05213,1633.954998217325
row_05215,268.8707108579699
row_05216,859.8525892492648
row_05223,2422.5717908745287
row_05229,2466.4865943244595
row_05235,2800.826545270612
row_05237,3331.1560465991606
row_05239,1766.0551965522411
row_05246,3037.7439283255258
row_05247,2869.5990501883016
row_05254,238.18820923424687
row_05258,4253.643336705995
row_05261,4141.906357620233
row_05262,2777.2462401161206
row_05267,3489.009569448775
row_05272,1780.2924717350074
row_05287,2041.9591384211885
row_05290,2917.0124462735625
row_05296,3003.993835825821
row_05297,539.9849901376142
row_05299,3266.904505544892
row_05302,401.76345923360395
row_05303,1396.2934967712802
row_05305,3043.2562682959915
row_05309,1528.226170925579
row_05312,4036.115693776368
row_05314,1546.8561336126008
row_05331,3761.724424310335
row_05336,1918.449071252631
row_05342,978.323299819968
row_05343,1661.8653103706429
row_05348,2595.055224706718
row_05349,1150.8408504867803
row_05354,638.8000461916515
row_05358,1208.986721263885
row_05359,5846.10962918561
row_05360,339.8846703599165
row_05371,4374.060967691142
row_05377,1362.6855733558696
row_05392,2238.126299010285
row_05393,709.8297801291678
row_05398,352.7528196188016
row_05401,2544.6285760426113
row_05403,489.70215935298165
row_05406,3193.047626127666
row_05408,849.6587324000684
row_05409,2542.04253514939
row_05418,2705.740639080529
row_05419,547.6246880062702
row_05423,643.2409583909111
row_05429,1308.9769831746285
row_05437,589.5390610065999
row_05446,2708.843223326234
row_05449,2008.341276158527
row_05451,1618.6660619453196
row_05454,4495.3019374788655
row_05457,2519.918158820171
row_05459,2443.3106155348005
row_05462,3737.1262408117927
row_05463,2007.6161228962796
row_05476,2923.8291448222994
row_05485,1477.6402340734912
row_05486,1894.2450963632236
row_05493,29.453723911909037
row_05504,3847.102552835646
row_05505,2269.139475232476
row_05506,2077.422930435875
row_05507,763.1421616962098
row_05508,700.7442698953691
row_05528,787.9242196086789
row_05530,1691.8457805406429
row_05546,1211.4792523128876
row_05556,2297.3835678063324
row_05562,948.3990883657686
row_05563,3349.9356109953733
row_05572,1290.561519415109
row_05580,2574.7176468849566
row_05590,1566.4100934288722
row_05593,269.4339920426985
row_05594,2661.647152380864
row_05597,1030.51821321761
row_05601,1365.2726053092008
row_05602,1550.671750822189
row_05605,1514.732449279673
row_05623,1057.2157034051218
row_05625,249.8244770250392
row_05630,6455.711503313674
row_05640,478.5468377579939
row_05644,117.1037522993488
row_05646,1761.2400205300862
row_05655,2470.8377720308363
row_05658,4058.8828801931527
row_05667,1017.1666059927047
row_05679,2709.4634419411777
row_05687,1340.425746321545
row_05695,1436.1159646503572
row_05705,3017.50222563464
row_05707,3089.762817702188
row_05711,683.5743242438734
row_05716,3309.1794855606713
row_05718,2041.7574132105804
row_05725,531.1672938383053
row_05728,3389.3911160406765
row_05729,4660.230111866687
row_05732,3571.9430212048965
row_05738,2392.888264367623
row_05741,3082.842046677726
row_05742,3163.708949581632
row_05753,395.45310589380756
row_05756,2233.880646618427
row_05758,2205.341223882399
row_05763,897.0217348936035
row_05774,79.3411836024843
row_05778,3147.9261411809575
row_05781,2590.6541806480836
row_05786,399.5731131013838
row_05793,736.7908268411579
row_05796,6097.35888451141
row_05800,358.3771722729866
row_05805,484.65231116987025
row_05806,1216.2211553824566
row_05809,6196.8149375877
row_05816,752.5514324376002
row_05831,3436.4805417741923
row_05833,2302.277337008293
row_05836,4296.995472197856
row_05840,813.2913998237309
row_05847,401.53981761261684
row_05849,510.6305537297303
row_05851,1889.969209159992
row_05864,2475.365225353192
row_05870,1303.16680761095
row_05876,626.3835342774694
row_05877,2698.638887981951
row_05878,895.7642260289481
row_05882,4092.9047213365097
row_05883,2690.981643585764
row_05893,663.6107248324747
row_05910,504.0997620542089
row_05913,3118.377387810231
row_05915,3744.5540514045124
row_05916,458.0294224530278
row_05925,3568.3294716041105
row_05929,3082.9513634051386
row_05932,3613.1722620718374
row_05935,3537.0826547894258
row_05938,977.5606887899446
row_05942,635.1832924463806
row_05950,447.0780222763253
row_05951,278.12652143246396
row_05965,3420.123142191173
row_05970,2400.863888546918
row_05971,2059.7197717049035
row_05977,672.5926527731945
row_05979,3865.1101653350706
row_05980,3506.974414482605
row_05981,2498.0122560777154
row_05982,2238.094229327489
row_05986,2669.7945890687165
row_05994,1150.5469785043456
row_05996,3544.790247889645
row_06000,1436.554055402165
row_06001,3155.102782479329
row_06002,3041.4904034345395
row_06012,2906.582614378056
row_06023,1320.6487314049982
row_06027,1526.2604025116761
row_06032,2176.4668443095293
row_06045,1342.3269512367408
row_06047,2029.852390190166
row_06048,1089.366468639191
row_06053,2718.0406305175698
row_06061,2547.6833663788025
row_06063,1685.8143703246576
row_06072,2606.5034208996803
row_06076,792.375514786132
row_06082,3053.7009050925844
row_06097,4243.444668340416
row_06098,2126.7255837639664
row_06106,637.598468279479
row_06109,3976.057743874169
row_06115,2373.204785578371
row_06116,352.36745449361524
row_06122,4512.419947973824
row_06124,1853.6098237492627
row_06127,194.61330561871955
row_06137,2419.2230788632987
row_06142,1863.5977455169443
row_06144,4040.823910840892
row_06145,1074.6901458360132
row_06146,1366.857395996089
row_06150,1669.3548286534076
row_06153,1875.738158517787
row_06156,3950.3399653546603
row_06164,3175.779807584181
row_06191,564.1378669922133
row_06193,2488.551464522201
row_06194,631.7394331946571
row_06199,2828.5731356541664
row_06201,208.1188839718959
row_06202,395.4090078325112
row_06212,1157.5516375503807
row_06213,3560.447253409041
row_06218,1648.886872691096
row_06228,3173.8162210998466
row_06231,3044.5805339020053
row_06237,1922.5637289653246
row_06239,2720.4052949356055
row_06240,2415.4497939110092
row_06242,3111.10400227863
row_06243,1858.5495326985506
row_06248,1779.3722011416994
row_06258,1439.441871224919
row_06260,502.18564657978595
row_06263,1243.2499569878667
row_06268,3102.1349995725427
row_06269,1952.8922467813397
row_06279,2821.280064133163
row_06283,623.4629002660818
row_06285,1540.1179832514874
row_06292,1982.9575800842335
row_06295,1961.8222570725948
row_06323,2597.830870431643
row_06324,670.1103038798578
row_06326,3292.5926346358856
row_06330,643.5336175757327
row_06338,1886.9580672262591
row_06343,584.7776459203251
row_06351,646.2173747946215
row_06352,1454.6993281256025
row_06355,3863.1070739292927
row_06366,1568.9586501644644
row_06369,842.4885501941756
row_06371,2583.6009098805253
row_06399,3239.6309336362947
row_06412,2933.8994259381216
row_06416,2058.8932518375377
row_06421,3663.7495658503153
row_06424,4333.77338225631
row_06431,2469.726064770452
row_06435,3076.7054701935513
row_06438,4223.268255964847
row_06444,5.159170090953467
row_06447,4996.692773294376
row_06455,982.1888750855849
row_06462,2539.068931426421
row_06463,221.0849920638732
row_06464,3688.11434873219
row_06471,4106.992620271696
row_06475,1623.8471474440194
row_06479,1048.7210270976084
row_06485,2910.1608027877896
row_06495,1862.4727356392768
row_06499,382.2700681574727
row_06504,2489.504258409747
row_06505,4170.293963685218
row_06510,2280.3315724270374
row_06511,3321.4441689013447
row_06514,2399.2608135172827
row_06516,790.9877428639347
row_06518,2283.5834821782564
row_06520,171.12407834231954
row_06525,3516.6073386349162
row_06528,2109.981608502973
row_06531,1824.6057095462172
row_06534,3152.4321452486734
row_06539,1463.0218779277598
row_06541,381.239838135378
row_06543,2481.353358105531
row_06546,3642.6672446623315
row_06552,3664.2507883835533
row_06553,3580.407708772833
row_06554,3171.3564341380934
row_06559,2804.8990847260366
row_06563,3722.826521017886
row_06578,2675.197285061021
row_06591,1979.2395059491896
row_06594,681.5302250731625
row_06596,3742.5187250548943
row_06599,1829.7134587064536
row_06600,3847.098079365782
row_06602,3033.977925338473
row_06603,387.70440160129715
row_06611,2253.831201364548
row_06616,3500.546347904381
row_06617,914.6272292146839
row_06619,6326.908686299786
row_06630,1160.7586077987712
row_06633,2565.6202744215484
row_06636,3893.4455564987074
row_06645,1828.3030014140904
row_06646,384.3546617622094
row_06647,3062.785450819222
row_06648,4056.8217898573002
row_06651,3024.8500504487383
row_06660,2885.8149135398053
row_06663,871.775375422108
row_06668,2209.341582437868
row_06669,638.6186531680389
row_06671,2385.3591880122754
row_06673,5903.967748166482
row_06675,4182.095675687986
row_06677,3962.013153185842
row_06682,4353.433521222715
row_06683,572.4430592481749
row_06684,991.3783563298116
row_06686,322.38984502348967
row_06689,2542.614462588021
row_06693,2784.1470112513452
row_06696,411.4588952489619
row_06697,1492.5995471602055
row_06701,2352.174304462853
row_06710,3636.187572230618
row_06717,3799.383909003973
row_06719,3597.0151589438856
row_06720,2284.4495824086544
row_06722,1670.8185489740163
row_06723,2508.2804898875893
row_06735,2267.6062276490497
row_06746,1281.0154846707287
row_06748,2711.5869525273447
row_06750,3554.603705837408
row_06772,4340.105306556519
row_06776,4700.585728110913
row_06782,3146.0322283874543
row_06785,1249.7283760187815
row_06786,5334.114681798475
row_06805,3504.5332050635016
row_06809,3133.126097586108
row_06813,3247.068482008962
row_06817,2677.605059063997
row_06818,632.0767890979507
row_06821,1657.1580417401037
row_06825,1541.631742095527
row_06828,6234.112741008943
row_06834,3998.403567398821
row_06838,529.4957123904783
row_06841,343.5928679027868
row_06842,1233.4810458154432
row_06852,361.611725933348
row_06855,624.8247975014206
row_06856,467.84910772064313
row_06866,2843.2483536166383
row_06872,2650.5419194451724
row_06873,1043.272171815015
row_06885,2258.7521010952687
row_06901,3521.2699403675506
row_06902,1649.3640948233624
row_06903,762.1507721888004
row_06906,269.48484695207503
row_06907,1167.2134339173135
row_06912,1117.8573992620034
row_06914,5015.912121688472
row_06915,1948.5986636639932
row_06918,2211.2568345714594
row_06920,1518.9822223714727
row_06924,2954.480280561209
row_06929,1340.6572105191788
row_06943,795.2948731852712
row_06945,1313.6405361676975
row_06946,1730.4982523599642
row_06948,3292.6170173402584
row_06954,2510.8943343365086
row_06955,658.491594310062
row_06960,1048.847369039755
row_06963,470.9922840466013
row_06966,1327.395900177673
row_06969,2838.4768437652606
row_06982,2019.007376854922
row_06997,2943.99572742205
row_07002,2208.661583795571
row_07003,3063.7162841461027
row_07005,2356.5047322948735
row_07012,2864.1788485557436
row_07017,562.9863586229123
row_07019,2866.865893147854
row_07023,2855.354086000655
row_07025,1360.5525984322144
row_07029,4469.439997468648
row_07030,1988.8118735784574
row_07038,1982.1291113611312
row_07042,1887.6061990772148
row_07043,1808.4681184916144
row_07045,1023.5443750382478
row_07048,3162.646809147167
row_07050,368.6211544038979
row_07052,3200.3093480960033
row_07067,659.7974028487313
row_07069,1326.236329031708
row_07072,2467.1475867639733
row_07073,2546.6771708269202
row_07075,1743.2230681125418
row_07076,3770.4284703027824
row_07085,1835.4113162304077
row_07091,272.4005755290252
row_07095,47.71535713908315
row_07096,1493.4883198182692
row_07097,1006.8421163623848
row_07100,3244.583951526874
row_07118,2539.9236884255506
row_07120,3750.8316589022497
row_07136,2378.3839406421844
row_07138,2669.937973151428
row_07140,3314.4707881666727
row_07142,1364.947942302976
row_07152,367.78640333265685
row_07155,2091.824871988488
row_07170,951.8089761466044
row_07173,777.8395058096587
row_07181,1494.0162743197761
row_07196,3839.0800804121827
row_07205,1437.0399068784632
row_07206,2547.441439546204
row_07208,4032.2429046351367
row_07219,3661.635589953734
row_07225,314.56054624564126
row_07228,865.7692566011053
row_07229,791.4464134608525
row_07235,4198.001695948837
row_07239,2594.380007857235
row_07243,1402.1363087314066
row_07248,1936.6864604583718
row_07250,4191.7287717915615
row_07251,1253.1416288323535
row_07258,1331.982696725644
row_07261,449.3545158826091
row_07277,3186.6539497203717
row_07288,2715.0623604719262
row_07292,3513.1727005574357
row_07301,925.4111329450268
row_07303,2335.243741094102
row_07304,3565.467375886891
row_07315,483.29252187687075
row_07317,5219.42926733356
row_07320,1658.5675252707172
row_07324,3929.4421743701987
row_07334,1764.862679455053
row_07354,2641.516743980622
row_07356,330.9700797221899
row_07357,3.439071550531935
row_07358,1706.0000296554663
row_07360,2120.3578830945526
row_07362,2183.2646569071167
row_07370,959.2539741876999
row_07375,4051.5632447064027
row_07380,4799.28048904155
row_07394,2587.2466357037774
row_07396,3498.476774176398
row_07397,2592.2866387891427
row_07402,1636.0851910150373
row_07406,1562.0393254658256
row_07423,3841.4129849721285
row_07424,5135.337576121699
row_07431,1807.0180010124984
row_07435,3791.6489476367124
row_07439,3093.763050283611
row_07448,792.7860358238593
row_07454,1642.026247730868
row_07460,2893.174929045289
row_07463,1678.0355913858284
row_07464,1076.3317698318194
row_07480,3355.3204693110647
row_07491,3287.693075670493
row_07495,1577.6763784300101
row_07496,143.85122211179214
row_07504,1515.9003750291388
row_07514,2938.4270175079014
row_07515,555.6171589750829
row_07516,2436.5176802238693
row_07518,1265.0679703627043
row_07524,2963.83257392635
row_07525,1361.507906162568
row_07528,3199.153178026321
row_07529,127.69015280311237
row_07532,3064.767849315027
row_07534,1570.3540552122886
row_07537,1489.272675462485
row_07541,1369.1779714390022
row_07546,286.34178699029553
row_07551,4440.426264609103
row_07557,1766.2877448455465
row_07571,2743.6145111838387
row_07577,2012.6439992234486
row_07580,3257.58389004947
row_07587,1068.2653777008538
row_07591,2035.497163346803
row_07592,712.1714972198538
row_07609,2401.4795049398936
row_07633,3976.9522539617074
row_07634,2499.8654214179924
row_07649,2660.217620346902
row_07677,4041.454484108852
row_07683,2188.7849150396014
row_07687,1468.4175894515818
row_07697,3050.487420841203
row_07698,1426.9879292194678
row_07700,1322.3012186334904
row_07709,2632.0849095255207
row_07713,746.0817934971742
row_07715,480.73818171314065
row_07726,712.0530081750396
row_07734,3736.6493204653025
row_07746,2610.1975735420106
row_07748,3126.8046124895372
row_07753,3044.473511493054
row_07755,2625.88348232492
row_07759,2331.527697229696
row_07763,4325.00557505199
row_07771,455.7226230986905
row_07784,1401.1189028721633
row_07790,2528.391966246165
row_07796,2845.141136413999
row_07800,1364.5397217279415
row_07804,4001.067123918655
row_07806,588.3714636721097
row_07808,4115.417562752923
row_07812,1206.0764552976511
row_07819,3912.1870159918353
row_07821,4224.547308856839
row_07822,925.0388087302349
row_07823,4317.463761183973
row_07825,2256.7251711899066
row_07839,3382.0312810098003
row_07843,2023.1844210776417
row_07847,269.4824583526081
row_07861,3250.595547253157
row_07864,813.7145234110051
row_07869,1557.1106988914735
row_07870,2157.3149797913493
row_07871,2774.3143711799585
row_07879,2146.496614584629
row_07886,3895.1973460535455
row_07888,2566.075205434499
row_07891,276.3725671855734
row_07893,882.5758660983502
row_07896,1360.5158887116577
row_07899,2461.3813603587946
row_07902,3116.435245527272
row_07911,470.0964969239144
row_07912,2115.1239576094517
row_07915,1859.0533595464187
row_07923,3336.7017475372836
row_07935,3035.0786485248746
row_07939,3048.9670196342395
row_07943,3339.5657255058313
row_07950,5786.7843132074195
row_07952,2065.47411256853
row_07959,1354.132486357491
row_07960,3334.848880943212
row_07966,477.68613986949435
row_07967,2981.578589714675
row_07969,2464.4783364442496
row_07971,916.9888983374747
row_07977,1498.16997975156
row_07981,3073.7362579589894
row_07988,1849.8285614498368
row_07991,3791.0032655640407
row_07993,1767.6611708331916
row_07994,4197.435998766277
row_07996,524.4646835927174
row_08010,3870.7264587675945
row_08016,1590.4386483411586
row_08022,3828.013590548131
row_08023,2815.5269969448364
row_08027,507.3421524386854
row_08029,1817.7880833023432
row_08031,2694.888457191404
row_08032,352.8489603537164
row_08042,3757.7098431326185
row_08048,5179.205184883287
row_08050,3319.810481799329
row_08055,786.4443300824048
row_08060,3179.4001301989074
row_08062,3288.2037151544955
row_08067,2764.8669641265255
row_08072,705.1874118516585
row_08073,2170.23521574749
row_08075,3057.4834180832067
row_08079,439.31764736164246
row_08081,548.7289225568293
row_08083,623.3156428659136
row_08086,3328.99405074248
row_08089,279.06622269024774
row_08097,1739.3214989404987
row_08101,3542.4331880687887
row_08111,2517.2216998656595
row_08118,2482.4589639560204
row_08121,2624.4541948209026
row_08140,1075.8691890393018
row_08142,3118.5083613068095
row_08155,1026.4647292012526
row_08156,4034.9773989753367
row_08158,3631.65395205377
row_08180,3483.0654736523556
row_08185,4271.648096362191
row_08191,1991.2645187958897
row_08201,232.3795012520295
row_08204,3400.143373203468
row_08213,710.6879415223407
row_08220,3273.1619522636024
row_08225,3201.6897038783227
row_08231,4718.3922841233025
row_08242,3822.881591812108
row_08245,717.2812294979285
row_08248,289.63679004695405
row_08258,3727.5318545168043
row_08260,2666.160607172569
row_08264,2737.976309747045
row_08268,3660.2263242730633
row_08282,4246.380194166113
row_08298,3766.1374308305967
row_08300,5467.3378020357195
row_08301,1124.5662309329975
row_08306,957.0011320256831
row_08308,3251.8415084255303
row_08313,1619.341593295399
row_08320,3240.334205255227
row_08322,269.9017679067583
row_08329,1439.843596074366
row_08330,1670.1989005136297
row_08332,834.6273191041721
row_08336,636.3557755524462
row_08337,2507.620932074259
row_08340,687.8787130297792
row_08345,2208.884736382314
row_08355,295.1541064808598
row_08357,2753.5721242903423
row_08360,2401.769026831736
row_08367,1991.083939062839
row_08373,1779.5273395038753
row_08375,1701.615692964717
row_08382,6093.404058928862
row_08385,2360.5512739619
row_08386,1379.1469999080666
row_08392,2711.7991068765173
row_08408,3756.0180760037806
row_08413,1939.363623034995
row_08418,6179.334506162586
row_08423,4338.662843611471
row_08450,6129.119131603222
row_08456,2029.1887521206604
row_08458,1278.4043750774526
row_08462,2607.050747287524
row_08464,1024.0738291746616
row_08465,409.90144464746027
row_08470,3360.2522454367245
row_08472,3116.603819138582
row_08477,1214.954324343948
row_08479,1468.5333780782582
row_08481,2831.282649324865
row_08483,2754.976856380053
row_08489,272.04138070200406
row_08491,2863.2122188426147
row_08504,4716.236822512581
row_08515,1817.3905748406078
